コード,発行済株式数
1301,12078283
1332,305265402
1333,151736511
1375,39910700
1376,11772626
1377,45410750
1379,33359040
1380,4179000
1381,5617500
1382,762000
1383,1613580
1384,8459000
1401,7732000
1407,46027488
1414,218980720
1417,91325329
1418,17010529
1419,29455800
1420,13740000
1429,34760000
1430,13363540
1431,24151540
1432,2066000
1433,9297200
1434,6975400
1435,91127000
1436,12857400
1438,3244600
1443,16237977
1444,1088700
1445,472600
1446,10734200
1447,24446958
1450,8699600
1452,50000
1491,14487399
1514,67222853
1515,80000000
1518,65322000
1605,1259136067
1662,257000380
1663,28336061
1711,10432773
1716,12000000
1717,12775900
1718,1153263
1719,181021197
1720,106761205
1721,118000000
1723,65580000
1724,4743780
1726,45795000
1736,17100000
1758,2458800
1762,34818578
1764,1331220
1766,13472000
1768,7500000
1770,10200000
1776,0
1780,21103514
1783,193308851
1786,138809400
1787,2602500
1788,686000
1793,26794280
1795,901151
1798,11300000
1799,20858491
1801,163185872
1802,691811346
1803,716689413
1807,6391400
1808,292479897
1810,30580000
1811,7353140
1812,528656011
1813,16489522
1814,10614225
1815,14973956
1820,41791502
1822,89015815
1826,13386233
1827,34498097
1828,10728000
1833,38665226
1835,36100000
1840,25775118
1844,18735209
1847,14568800
1848,18602244
1850,28235730
1852,80786290
1853,32800000
1860,318005696
1861,173142240
1866,25347412
1867,6873528
1870,44607457
1871,47486029
1873,40000000
1878,344594895
1879,61360720
1882,50394730
1885,87978516
1887,89255000
1888,12964993
1893,286013910
1897,3806660
1898,37424507
1899,8988111
1904,6882487
1905,7347680
1909,28727248
1911,618566304
1914,29346400
1921,33800000
1925,659636182
1926,42970450
1928,651422166
1929,41774899
1930,29963991
1934,69191462
1938,25117717
1939,48766410
1941,58138117
1942,205288338
1944,199954180
1945,33223752
1946,96649950
1948,8970000
1950,61537219
1951,205624838
1952,48564450
1959,70864961
1960,16000000
1961,160983468
1963,244293008
1964,7800000
1965,21228604
1966,7334350
1967,24127652
1968,65195940
1969,140478804
1972,19800000
1975,27200000
1976,55117218
1979,63464018
1980,137891406
1981,10342200
1982,44000000
1992,2623227
1994,9553011
1997,2200000
2001,84727163
2002,282111891
2003,37538912
2004,32995420
2009,26036374
2053,30371908
2055,20830825
2060,38477128
2108,12487589
2109,31464780
2112,35000000
2114,51437400
2117,32800095
2120,134586032
2121,68530850
2122,6967200
2124,165557200
2127,336934800
2130,13423300
2134,548940993
2136,3975300
2138,12957600
2139,7044000
2146,601286745
2148,21132400
2152,11784000
2153,18378920
2154,90822812
2156,6078000
2157,84225924
2158,39412362
2160,55840577
2162,21611000
2163,10627920
2164,8420728
2168,40190300
2169,6924400
2170,110937011
2173,16294320
2175,87561600
2179,5876000
2180,15197600
2181,2278437810
2183,24740000
2185,14364000
2186,8167498
2193,78807900
2195,17556360
2198,29956800
2201,86111638
2204,5976205
2206,68468569
2207,16651708
2208,27700000
2209,13086200
2211,25784659
2212,220282860
2215,6929900
2216,45946812
2217,20565356
2220,66955950
2221,11990000
2222,155658402
2224,3630000
2226,10670000
2229,133929800
2264,86179786
2266,21452125
2267,308285236
2268,9644554
2269,282200000
2270,63835455
2281,50524399
2282,94245000
2286,8910000
2288,26505581
2291,3400000
2292,32267721
2293,2102000
2294,12446700
2296,57471011
2300,5551230
2301,15560000
2303,3300000
2304,5285600
2305,17185650
2307,17005674
2311,9316000
2315,181081018
2317,425880000
2321,51987399
2323,21294120
2325,10048000
2326,14133000
2327,183002000
2329,140206002
2330,43687704
2331,510200210
2332,5487768
2334,42698920
2335,15750000
2337,416596792
2338,49248593
2340,31722000
2341,26437249
2342,16999141
2344,0
2345,18608733
2349,13109490
2351,7951100
2353,348398600
2354,18519100
2359,14834580
2370,279917319
2371,198218300
2373,14844000
2375,22127985
2376,6470660
2378,21379000
2379,60140000
2384,39718200
2385,26158200
2388,42494478
2391,6632800
2393,16237693
2395,41632400
2404,13817362
2408,7398000
2410,5497921
2411,12300000
2413,679124300
2415,10377999
2418,48960000
2424,5709300
2425,4200000
2428,19400000
2429,18014200
2432,122145545
2433,363902636
2435,11476000
2436,8814992
2437,11017818
2438,17464000
2440,56903800
2445,46585600
2449,4679010
2452,450000
2454,14223916
2459,7502800
2461,66310429
2462,20464800
2464,14264100
2469,10265480
2471,79007500
2475,20060000
2477,6480961
2479,8572400
2480,3570000
2481,5575320
2483,3369000
2484,112380430
2485,22510100
2488,6015600
2489,42006000
2491,34471000
2492,267507864
2493,4424800
2497,40412690
2498,12359740
2499,9134000
2501,393971490
2502,1521010086
2503,816000000
2531,197252043
2533,65586196
2540,16500000
2573,13607996
2579,171268593
2585,52329809
2586,113264569
2587,309000000
2588,21883899
2590,33137000
2593,85212380
2594,22689000
2597,13869200
2602,95288271
2607,87569383
2612,28200000
2613,33508446
2652,36180000
2653,34833558
2654,15145175
2656,31988900
2659,63963308
2664,24583420
2666,14451000
2667,15191900
2668,6813880
2669,10000000
2670,247618938
2673,10458000
2674,13954000
2676,20343600
2678,89771300
2681,39783552
2683,2555856
2685,48800000
2686,42580900
2687,5064000
2689,6250000
2692,0
2693,11906880
2694,239866162
2695,82799200
2698,16770200
2700,8530000
2702,132960000
2705,7263300
2708,4626327
2721,12100500
2722,8308000
2726,185088000
2730,112005636
2733,36057424
2734,66041147
2735,13458800
2736,3632700
2737,6802000
2742,21487600
2747,1264640
2749,87849400
2750,8000000
2751,14314800
2752,51299789
2753,20546400
2760,31336500
2762,39762949
2763,30342268
2764,74740400
2767,65429150
2768,210000000
2769,7861700
2776,53877500
2778,12051384
2780,11257000
2782,75840000
2784,191300000
2788,13943400
2789,6021112
2790,29784400
2791,14502400
2792,27900000
2795,5523592
2796,12060381
2798,3298400
2801,969416010
2802,977735616
2804,13208780
2805,27244468
2806,8832311
2809,141500000
2810,92098416
2811,91132844
2813,2847957
2814,7377460
2815,32808683
2816,9868800
2818,7062230
2819,9868626
2820,6967500
2831,10325365
2871,256984963
2872,1620993
2874,59222784
2875,110881044
2876,9105290
2877,12102660
2882,11358580
2883,6008300
2884,24083371
2892,4942868
2894,18392000
2897,297584500
2901,28369378
2903,12000000
2904,18590000
2907,7700000
2908,30050759
2910,26788748
2911,1876588
2914,1333333200
2915,16476000
2916,11400000
2917,5098096
2918,17625660
2922,15032209
2923,5075500
2924,8345370
2926,14157780
2927,14559699
2929,29079000
2930,141072000
2931,139521762
2932,17778900
2933,22829781
2934,5336369
2935,12858430
2936,54752100
2937,9305200
2938,50282180
2961,1135572
2962,9193374
2970,17352000
2975,34755900
2978,12058200
2980,16251235
2981,5699586
2982,50591464
2983,10798960
2984,8672012
2985,2484000
2986,7645475
2990,37742700
2991,23967200
2992,216500
2993,4473400
2994,700000
2995,3490500
2997,1854000
2998,36066200
2999,9395400
3001,35215000
3002,31587032
3003,767907735
3004,4168500
3010,233914680
3011,20236086
3020,2703200
3021,5396600
3023,11383838
3024,3969000
3028,38888000
3030,12830200
3031,21262043
3034,38902785
3035,5725000
3036,31125300
3038,273600000
3040,19738888
3041,5076000
3042,7690000
3045,2901000
3046,23980000
3048,188146304
3050,146500000
3053,61424000
3054,9889500
3058,7400000
3059,5155600
3063,12397400
3064,501362800
3065,3660400
3067,9030100
3068,6331920
3069,48277135
3070,83143500
3071,28525000
3075,14518000
3076,56590410
3077,6930000
3079,10780000
3080,12812000
3082,11324600
3083,8631100
3086,270565764
3087,45609761
3088,405658130
3089,2316000
3091,15079000
3092,892032372
3093,24347800
3096,10833000
3097,39202981
3099,367449054
3101,89048792
3103,57752343
3104,34062000
3105,169360439
3106,17000000
3107,88479028
3109,12810829
3110,37723012
3111,6602459
3113,93281713
3116,187665738
3121,32806190
3123,13600000
3131,2110200
3132,179072146
3133,62415783
3134,16328100
3135,5354900
3137,12940200
3138,3302401
3139,10050200
3140,14717350
3143,9450000
3148,66819342
3150,23837200
3151,51902976
3153,21782500
3154,22238217
3156,30072643
3157,13767052
3159,92554085
3160,14883300
3161,6085401
3166,13610970
3167,137845577
3168,14337200
3169,7112400
3172,4273600
3173,6868840
3174,3191600
3175,12883150
3176,29007708
3177,953600
3178,19340800
3179,21354291
3180,12752000
3181,3680950
3182,36940000
3183,30503310
3184,2100000
3185,18366100
3186,80905100
3187,19299300
3189,45874400
3190,7275500
3191,63784612
3192,6669700
3193,11622300
3195,8325240
3196,26324800
3197,227502200
3198,22813689
3199,19958940
3201,74278858
3202,30360000
3204,8940448
3205,30696897
3221,10361000
3222,210617224
3223,1560864
3224,5339600
3231,917935185
3232,107301583
3236,35147915
3237,46552784
3238,9681600
3241,11548000
3242,37574100
3245,51626800
3246,10368000
3248,3181000
3252,21569700
3261,4100874
3266,37686371
3267,5744900
3271,28306000
3276,17725600
3277,8584900
3280,6167000
3284,41766775
3286,5204500
3288,116735700
3289,719830974
3291,280379057
3293,8063400
3294,6379100
3297,2712400
3299,24361000
3300,7401400
3302,27584400
3306,4413320
3315,302349449
3317,2898336
3320,7718800
3321,7971853
3323,82670255
3326,4380900
3329,8186400
3333,26240800
3349,80001600
3350,1281283624
3352,2345874
3353,3770000
3355,22300200
3358,37280900
3359,11223513
3360,94350134
3361,20884440
3370,3432300
3371,27550278
3372,14000900
3374,3553098
3375,1454000
3377,15315600
3382,2604555849
3386,6048000
3387,425628568
3388,12765820
3391,454365490
3392,16372000
3393,10240400
3395,22941111
3396,9543500
3397,88745152
3399,20112800
3401,197953707
3402,1504481403
3405,302133603
3407,1365751932
3409,31790394
3415,43959482
3416,2296640
3417,14072100
3418,10962380
3420,7378050
3421,17022429
3422,11857200
3423,31256600
3426,4105000
3431,27677816
3433,61200000
3434,10200000
3435,8745408
3436,350175139
3437,1602000
3439,5304040
3440,6832500
3441,5000000
3443,52422630
3444,12337700
3445,26597600
3446,5905500
3447,14103000
3448,300000
3449,21360000
3450,376000
3452,20032400
3454,14445000
3457,19969200
3461,6765489
3465,31737500
3467,5754000
3469,4378250
3474,6839000
3475,30543200
3477,4000000
3479,42633785
3480,21966000
3482,21444000
3483,475000
3484,17674400
3486,16043516
3489,29880000
3490,1508000
3491,41053315
3494,8011000
3495,2782518
3496,12335600
3498,24587930
3501,15364324
3512,18342089
3513,4967151
3521,26466366
3524,2605000
3529,17319568
3536,30325252
3537,3579105
3538,10358400
3539,50959000
3542,10749600
3543,46271400
3544,14236564
3546,30193386
3547,11061399
3548,36676300
3549,95616980
3550,14037000
3551,8504747
3553,24500000
3556,14699200
3557,4954300
3558,11487360
3559,4992406
3560,2321800
3561,30318000
3562,7034700
3563,116069184
3565,43740000
3566,10123178
3569,64633646
3571,13533757
3577,3614252
3580,39240999
3583,3092623
3591,52500000
3593,0
3597,2882848
3598,14950074
3600,1468093
3607,9689200
3608,63438793
3611,10593600
3612,77139828
3622,6999000
3623,6564400
3624,20313200
3625,7515000
3626,228400000
3627,12719800
3628,12711780
3632,179749700
3633,5468700
3634,2477400
3635,336096924
3636,16044000
3639,6602675
3640,5837200
3641,10326880
3645,10773000
3646,6018800
3647,22219720
3648,17158732
3649,26608800
3652,3152400
3653,5508500
3656,83792600
3657,38156000
3659,793477908
3660,102661967
3661,72992776
3662,18811135
3663,34771180
3664,84638408
3665,42642000
3667,46323560
3668,130346707
3670,1205600
3671,24050800
3672,88305233
3673,97896800
3674,10813700
3675,19970464
3676,23890800
3678,15205174
3679,110000000
3680,15965800
3681,26343900
3682,6924200
3683,11477135
3686,43448440
3687,33635000
3690,6372415
3691,4459567
3692,8190000
3694,54598528
3695,4446357
3696,12187300
3697,267500670
3698,5578150
3708,39000000
3710,5255000
3712,20450000
3719,34834232
3723,10280000
3726,13145470
3727,43737832
3733,5488000
3741,10240000
3744,8874400
3747,7444800
3750,8929419
3753,14682500
3758,21249428
3760,6838500
3762,44518400
3763,31943000
3765,69161416
3766,3500000
3768,7636922
3769,76557545
3771,16720000
3772,19179800
3773,18392724
3774,183471380
3776,61905500
3777,323356980
3778,41890700
3779,11567990
3787,2593100
3788,11693000
3791,20221600
3793,29446212
3796,14561400
3798,63855000
3799,9110000
3800,8000000
3802,4693200
3803,3381500
3804,19494000
3807,45908222
3810,81913082
3815,11300000
3816,3949762
3817,15240000
3823,148509693
3825,149044800
3826,11078400
3834,32000000
3835,47164800
3836,36009551
3837,17289930
3839,8200000
3840,82680236
3841,3909800
3842,3092900
3843,23414000
3844,32241600
3845,22239641
3848,7414000
3850,4955000
3851,5151100
3853,17491265
3854,25042528
3856,19033193
3858,10459000
3861,914381817
3863,116254892
3864,44741433
3865,163053114
3877,13354688
3878,10389406
3880,169012926
3891,10698482
3892,5500000
3895,8175280
3896,10172676
3900,15833659
3901,13228800
3903,53897034
3904,16108800
3905,32017051
3907,2973900
3908,4977000
3909,10185600
3910,5428000
3911,46705300
3912,7925495
3913,2348521
3914,6751000
3915,12918380
3916,31003640
3917,7829354
3918,10122400
3920,5751600
3921,14087600
3922,13551703
3923,354391000
3925,13580000
3926,31260000
3927,5604200
3928,8710334
3929,11844800
3930,3075200
3931,1807000
3932,14519800
3933,7872000
3934,6038048
3935,6228000
3936,37566450
3937,12249920
3939,48132000
3940,46692000
3941,271056029
3943,9328000
3944,1776820
3945,1686154
3946,19341568
3947,10322591
3948,5815294
3950,59700000
3951,22890829
3953,3561676
3954,4450000
3955,10729370
3958,6185000
3962,73852362
3963,29123000
3964,96052800
3965,5759057
3967,6220880
3968,37164077
3969,7487400
3970,2762100
3974,5240000
3976,5926200
3979,27701600
3981,6301986
3983,15600453
3984,16161800
3985,11438920
3986,4610880
3987,5280400
3988,10630995
3989,24429800
3991,9507400
3992,40699200
3993,31948000
3994,55701814
3996,12809395
3997,41042000
3998,6694764
4004,184901292
4005,1657914399
4008,64683785
4011,6111553
4012,4394000
4013,20840000
4014,6697900
4015,16018148
4016,2130400
4017,6742100
4019,8781500
4020,2200400
4021,134800000
4022,39721015
4023,49942221
4025,9458768
4026,9240000
4027,22914414
4028,40383943
4031,10161686
4040,2330330
4041,55294534
4042,325080956
4043,72088327
4044,26000000
4045,108000000
4046,133660085
4047,57546050
4051,8339480
4052,5856107
4053,40055360
4054,14412440
4055,7633200
4056,17191031
4057,4125700
4058,11008000
4059,2987000
4060,5835200
4061,88555840
4062,281721114
4063,1984995865
4064,9419659
4068,1889679
4069,3617946
4071,42390750
4072,10800677
4073,2538660
4074,7682500
4075,5966000
4076,2906000
4078,16000000
4082,24400000
4088,229755057
4091,433092837
4092,8922775
4093,35020000
4094,20280000
4095,132604524
4097,55577526
4098,3027626
4099,44869563
4100,6099192
4102,2355200
4107,51351350
4109,12973248
4112,16827452
4113,14440000
4114,150000000
4116,72452440
4118,63000000
4119,1575899
4120,1373000
4124,846700
4125,4320420
4151,525634500
4165,41260663
4166,2771055
4167,7916230
4168,12987500
4169,42883212
4170,17083711
4171,2969000
4172,2228000
4174,4196562
4175,5502900
4176,24056700
4177,3986402
4178,3793300
4179,5433066
4180,102753487
4182,211686599
4183,401687630
4186,127800000
4187,22410038
4188,1441467207
4189,37149400
4192,35542200
4193,5475400
4194,40431700
4196,2544000
4197,1158500
4198,6637500
4199,2598212
4202,256142682
4203,88249856
4204,405507285
4205,209251256
4206,67590664
4208,106200107
4212,31813598
4216,19800400
4218,20738006
4220,51274821
4221,12414870
4222,15637144
4224,4625309
4228,46988109
4229,8998308
4231,20111598
4234,11320000
4235,16965200
4237,29786400
4238,10120000
4240,5692800
4241,4436800
4242,2822472
4243,2323000
4245,13672100
4246,70997800
4247,2634800
4248,12529200
4249,14410000
4251,19285152
4255,2117521
4256,6066000
4258,8830400
4259,96955500
4260,11493548
4261,1477600
4262,6388677
4263,16868100
4264,6206420
4265,4767800
4270,2255500
4272,148700000
4274,4032000
4275,22940600
4284,26820594
4286,11552731
4287,12229888
4288,3815734
4290,127176300
4293,211409654
4299,11000000
4301,18623520
4307,581241511
4308,28057400
4310,9534316
4316,3561900
4317,14328976
4318,56552028
4320,17039400
4323,24836920
4324,265800000
4326,40426000
4331,14619330
4334,11096000
4335,2466000
4337,15668713
4341,3500000
4343,19784125
4344,139115100
4345,42000000
4346,13471240
4347,7500000
4350,30642600
4351,4268000
4356,5716800
4360,8625000
4361,1220000
4362,23822447
4365,4512651
4366,33600000
4367,4900000
4368,106533000
4369,32498640
4370,6147434
4371,17610800
4372,3892600
4373,237208300
4374,3871678
4375,55805701
4376,60415372
4377,18431440
4378,3525250
4379,15651200
4380,4890800
4381,2911799
4382,15206964
4384,0
4385,165130633
4386,5942340
4387,4749860
4388,6304298
4389,11865000
4390,13087400
4391,3301000
4392,35167729
4393,4003000
4394,3025500
4395,7790673
4396,20800000
4397,16519400
4398,4626674
4401,103768142
4403,236524128
4404,10306895
4406,37286906
4409,21350000
4410,26080396
4412,8230000
4413,32148708
4414,6197920
4415,6145000
4416,4841200
4417,15309600
4418,16181100
4419,51898340
4420,20000000
4421,3059000
4422,8719200
4424,6757800
4425,11328167
4426,2000000
4427,10228470
4428,6259000
4429,4550300
4430,4920300
4431,19693800
4432,35020470
4433,17899333
4434,7938261
4436,15369700
4437,7568760
4438,8435582
4439,30067000
4440,4176000
4441,10695000
4442,21450000
4443,126800600
4444,2049093
4445,2690968
4446,14174100
4447,6583500
4448,42643354
4449,29841402
4450,3143810
4452,453600000
4461,10684321
4462,15153680
4463,17710000
4464,22274688
4465,5943052
4471,23534752
4475,32500600
4476,4087850
4477,117931657
4478,59781402
4479,12748700
4480,32738600
4481,18812400
4482,21054400
4483,65443808
4484,16245228
4486,7963200
4487,12105900
4488,3999950
4490,9284922
4491,2038000
4492,11727700
4493,10390644
4494,4544461
4495,5311450
4496,7193400
4498,16650800
4499,11563000
4502,1591266609
4503,1809663075
4506,449204554
4507,889632195
4512,34838325
4516,70251484
4519,1679057667
4521,44139730
4523,291649149
4524,4150000
4526,30705100
4527,236178310
4528,498692800
4530,0
4531,21974000
4534,36390000
4536,322290154
4538,9451169
4539,4261420
4540,76758362
4543,1480559680
4544,57492622
4547,46541985
4548,56814093
4549,34541438
4552,129686308
4553,51516000
4554,26541100
4556,4558860
4558,11660734
4559,50119190
4563,398834550
4564,398643700
4565,92462693
4568,1894350529
4569,59945641
4570,9314590
4571,83221758
4572,20612469
4574,50636900
4575,19713655
4576,57483412
4577,28854880
4578,542988917
4579,26031413
4582,76361760
4583,76543100
4584,49630919
4586,59365100
4587,130010400
4588,29309700
4591,55972640
4592,78058883
4593,135002200
4594,138891300
4595,19051200
4596,148794288
4597,273414365
4598,14225000
4599,62681200
4611,29710678
4612,2370512215
4613,177976280
4615,34060000
4616,1000000
4617,55000000
4619,23611200
4620,30850000
4623,4500000
4624,2000000
4625,7242000
4626,116839616
4627,8144400
4628,15673885
4629,4592000
4631,95156904
4633,50000000
4634,50286544
4635,13628790
4641,20746675
4642,7396800
4644,10649000
4645,10604888
4650,8997000
4651,48919396
4657,4789041
4658,35784000
4659,10771200
4661,1800450800
4662,16292942
4664,3120000
4665,48000000
4666,171048369
4667,5548979
4668,25803600
4671,10680177
4673,1057980
4674,42000000
4676,169123000
4678,6710000
4679,7540000
4680,289161942
4681,217041598
4684,492000000
4685,12779712
4686,64224800
4687,50227200
4689,6884612986
4691,12170000
4694,40749426
4704,140901604
4705,4536000
4707,5969024
4709,34459424
4712,18967410
4714,171806159
4716,128312571
4718,19012452
4719,14052400
4720,8937840
4722,95328000
4725,20541400
4728,7763040
4732,474000000
4733,75404000
4735,8396000
4736,5355390
4743,27911900
4746,18700000
4750,7618000
4751,507102170
4752,4810000
4754,4732600
4755,2180113100
4760,915444
4761,11200000
4762,8261600
4763,23009000
4765,138066903
4766,11229800
4767,48969096
4768,380004240
4769,7732270
4771,15714400
4772,115904831
4776,52757800
4777,28024900
4783,8140000
4784,304698528
4792,19896000
4800,15123200
4801,11466300
4809,10440600
4811,12163800
4812,195547440
4813,39962100
4814,13015222
4816,210000000
4819,47788132
4820,70514800
4825,47376000
4826,64798288
4828,60000000
4829,38534900
4832,31412000
4833,72602015
4838,17029205
4839,28844400
4840,8930000
4845,17768859
4847,26340000
4848,35215449
4849,49716000
4880,19847779
4881,48927700
4882,16999600
4883,96334098
4884,8383200
4885,4095500
4886,28763199
4887,115487137
4888,35034100
4889,13776900
4890,25794300
4891,45565767
4892,10091200
4893,43399118
4894,8273376
4896,11622600
4901,1243877184
4902,502664337
4911,400000000
4912,279782746
4914,100761985
4917,0
4918,6414000
4919,32305534
4920,2099376
4922,60592541
4923,32373036
4925,3935000
4926,4281200
4927,229136156
4928,34156623
4929,8043600
4931,21855200
4932,10394000
4933,17791270
4934,8720534
4935,31207700
4936,24107000
4937,3663068
4951,23000000
4956,70414880
4958,42708154
4960,16623613
4966,18099000
4967,78050000
4968,20652400
4970,8143390
4971,19571093
4972,16600000
4973,6067200
4974,120415600
4975,26219049
4976,4065000
4977,18373974
4978,95147891
4979,11072000
4980,174741400
4985,22209900
4990,11979000
4992,27485531
4994,7047500
4996,133184612
4997,81967082
4998,16490000
5010,22400000
5011,31685955
5013,13900065
5015,22975189
5016,928463102
5018,9696500
5019,1223217590
5020,2706766549
5021,165041722
5022,1906800
5025,2744000
5026,8388100
5027,61391200
5028,8513871
5029,4377916
5031,13966000
5032,61090529
5033,6484101
5034,3777950
5035,7094200
5036,48366400
5037,200000
5038,15271802
5071,8435050
5072,251000
5074,70659130
5076,274845024
5077,400000
5078,3491900
5079,5202800
5101,166396381
5103,76293426
5105,154111029
5108,1334037042
5110,263043057
5121,20074968
5122,17699367
5125,4661100
5126,1631700
5129,15657400
5130,300000
5131,13897000
5132,7877526
5133,17111742
5134,3944576
5135,30000000
5136,5937572
5137,37959480
5138,4916000
5139,21343600
5142,14562714
5161,37000000
5162,4618520
5184,14371500
5185,15909130
5186,29272503
5187,9664327
5189,2024000
5192,31104198
5194,10937449
5195,44213536
5199,1286199
5201,217434681
5202,142340462
5204,4219554
5208,33603924
5210,11145249
5214,89523246
5216,51164275
5218,25450000
5232,32068117
5233,118191578
5237,12075000
5240,12265280
5242,1026100
5243,19368800
5244,42568400
5246,27225514
5247,2827000
5248,16922400
5249,1120000
5250,3565200
5251,90000
5252,4151100
5253,65650100
5254,6954295
5255,64900722
5256,1285800
5257,1402500
5258,36996800
5261,5564200
5262,58695000
5268,13233000
5269,57777432
5271,1440840
5273,83946396
5279,3064200
5280,8030248
5282,31530000
5283,1758400
5284,6306000
5285,11580000
5287,3568000
5288,38089792
5290,57706700
5301,224943104
5302,11832504
5304,20694340
5310,20992588
5331,56206996
5332,166358397
5333,292243496
5334,199247720
5337,33360600
5341,9070419
5344,12372000
5351,47146830
5355,7045200
5356,12909828
5357,19594000
5363,45477000
5367,12135695
5368,8707200
5380,831682
5381,14451920
5384,80098500
5388,14450000
5391,7778000
5393,190985751
5401,5373633760
5406,396345963
5408,63079256
5410,17145211
5411,639438399
5423,110064249
5440,44898730
5444,62000000
5445,25335915
5446,3994000
5449,42279982
5451,156272250
5458,3008000
5461,28000000
5463,252000000
5464,38831900
5471,217243845
5480,15497333
5482,64520820
5484,7550000
5491,6700000
5525,2955000
5527,12455253
5528,1000000
5531,200000
5532,5789150
5533,3512800
5534,4440000
5535,64635100
5536,4000000
5537,8183600
5541,19577071
5542,7020000
5563,137386472
5570,14839000
5571,4878690
5572,4315320
5573,550000
5574,9973957
5575,5116869
5576,2367000
5578,10407180
5580,1682900
5581,4200000
5582,4798602
5584,1045000
5586,15948051
5587,3449600
5588,11263700
5589,7268600
5590,16950800
5591,6107654
5592,11459482
5594,1000000
5597,4047901
5598,400000
5599,5627200
5602,63992450
5603,3362163
5609,4825050
5612,3293074
5616,2420550
5617,200000
5618,8536800
5619,3552750
5620,1555900
5621,9593200
5622,650000
5631,74415909
5632,15709968
5644,3157382
5658,51755478
5659,31265190
5660,5912999
5695,2970000
5697,6091000
5698,30317388
5699,3427200
5702,43629235
5703,61993750
5704,5598500
5706,57415430
5707,14706021
5711,131489535
5713,290814015
5714,61989206
5715,32545568
5721,177566337
5724,5144600
5726,36800000
5727,0
5729,10423600
5741,185312772
5742,5500000
5753,2370000
5757,8867000
5801,70666917
5802,793940571
5803,1775180526
5805,30826861
5816,12558251
5817,5791555
5819,7028060
5820,4479965
5821,17627800
5830,313408831
5831,580129069
5832,184771461
5834,15927200
5838,174509480
5840,665000
5842,34975000
5843,2869800
5844,301362752
5845,26653900
5851,31809471
5852,25546717
5856,108957800
5857,86853534
5858,2148000
5866,590100
5867,3148100
5868,3728700
5869,10211250
5870,5332100
5871,6000000
5884,12140258
5885,5498400
5886,2372200
5887,300000
5888,2758600
5889,24200260
5890,1614200
5891,5662000
5892,5457500
5893,1980000
5900,5970480
5901,153162162
5902,13469387
5903,6140850
5905,1392000
5906,15595050
5909,29342454
5911,43164802
5915,4972709
5918,2697600
5921,3000000
5922,1200000
5923,6712758
5928,11912515
5929,221000000
5930,72196487
5932,31554629
5933,21039326
5936,6387123
5938,287640830
5939,780000
5940,12626782
5941,6306000
5942,22167211
5943,48554930
5945,11147634
5946,34239312
5947,141126771
5949,45004973
5950,18688540
5951,19058587
5952,12317000
5955,142611765
5956,10000000
5957,39985017
5958,2960000
5959,47290632
5962,1037080
5965,14272000
5966,2477435
5967,23426000
5969,2000000
5970,43931260
5971,1360000
5973,6400000
5974,3420000
5975,54021824
5976,32805400
5981,16268242
5982,19780000
5983,1100000
5984,14310000
5985,34057923
5986,22558063
5987,1660000
5988,37054100
5989,28392830
5990,2366078
5991,231066144
5992,25542396
5994,4420000
5997,6000000
5998,4153370
6005,125291112
6013,75689100
6016,8400000
6018,3248548
6022,1540000
6023,27350000
6027,22867600
6029,10287000
6030,7178900
6031,25768600
6033,5508676
6034,5718600
6035,17839710
6036,28280840
6037,19753800
6038,5062600
6039,14391000
6040,48008700
6042,2000000
6044,6583485
6045,7975800
6046,19500000
6047,24237774
6049,22680000
6050,11933516
6054,28160000
6055,105149520
6058,46914039
6059,21618800
6061,10050000
6062,32712000
6063,2519600
6069,8101000
6070,12605700
6071,42001800
6072,23148000
6073,12348500
6074,4026056
6078,27411600
6080,31779000
6081,16899582
6082,10938719
6083,7832400
6085,114860220
6086,21666000
6087,3980000
6088,86000000
6089,23118900
6090,5919797
6091,13727553
6092,8175200
6093,45950238
6094,18022924
6096,9845600
6098,1472504149
6099,60600000
6101,48000000
6103,67510308
6104,24820406
6113,317451417
6118,59662021
6125,6703795
6134,97823748
6135,24893841
6136,96145417
6137,22614665
6138,2992999
6140,48430000
6141,142325934
6143,54792239
6144,15160000
6145,18098923
6146,108483729
6147,4579000
6149,6392736
6150,1020000
6151,19154495
6155,11020000
6156,5300000
6157,25035034
6158,7028000
6159,7706100
6161,11768000
6165,27622400
6166,11020900
6167,20000000
6168,1300010
6171,14237995
6173,10611129
6174,406666
6176,14575300
6177,25243500
6178,1811314000
6180,1868839
6181,44968700
6182,10888060
6183,74522695
6184,41194972
6185,14777555
6186,5531006
6189,9547580
6190,4076933
6191,22772065
6193,3009553
6194,22315341
6195,16465800
6196,57609000
6197,94741793
6198,8624320
6199,13710000
6200,85243000
6201,325840640
6203,12548134
6208,6385972
6209,28247910
6217,6807555
6218,6353454
6222,34800000
6223,20500000
6224,13128520
6226,35371600
6227,18849000
6228,13470000
6229,4562200
6230,4578000
6231,3849000
6232,19472474
6233,5391000
6235,44358000
6237,22490910
6238,28296000
6239,7078400
6240,69938478
6245,15394379
6246,12401720
6247,28732800
6248,1873500
6249,14681400
6250,44108428
6254,40608000
6255,22052426
6257,22895500
6258,32268270
6262,24828600
6264,28106000
6265,1657000
6266,14842354
6267,1798800
6268,118064699
6269,68345300
6272,28392000
6273,63869359
6276,5722500
6277,15730538
6278,19780000
6279,28800000
6282,33300505
6284,14991108
6286,6483323
6287,33635942
6289,27074728
6291,10538420
6292,7210000
6294,8378700
6298,19517894
6301,930340620
6302,122905481
6305,215115038
6306,40000000
6307,8987700
6309,29949600
6310,22984993
6315,75157367
6316,5029332
6317,9650803
6322,7728540
6323,176400000
6324,96315400
6325,14000000
6326,1138716846
6327,8449600
6328,25860000
6330,58828807
6331,23741850
6332,40125800
6333,15780038
6334,11402636
6335,8728920
6336,8176452
6337,5578695
6338,5491490
6339,54580928
6340,28149877
6342,1500000
6343,45099320
6345,64570000
6346,1320000
6347,10287476
6349,53478840
6351,50826972
6356,14280000
6357,19332057
6358,8890434
6360,1452000
6361,457439185
6363,28542679
6364,30165418
6365,4776900
6366,260324529
6367,293113973
6368,46359700
6369,16046148
6370,116200694
6371,106213279
6376,69175664
6378,20600000
6379,54168053
6380,1855733
6381,41745505
6382,18220000
6383,379830231
6384,6499000
6387,8042881
6390,11743587
6391,1718000
6392,2400000
6393,4510676
6395,129500355
6396,1120000
6400,9054000
6402,5564000
6403,4295968
6405,12960000
6407,67909449
6408,1553323
6412,99809060
6413,72000000
6417,230000000
6418,29672651
6419,22720000
6420,44132320
6424,4525000
6425,80195000
6428,22500000
6430,14818175
6432,48999000
6433,6316700
6436,71106129
6440,29874179
6444,112193313
6445,16979205
6448,257755930
6454,186149704
6455,45418542
6457,58938210
6458,72543000
6459,51717215
6460,213545376
6463,66542998
6464,41599600
6465,144890100
6466,2461600
6467,9053300
6469,10953900
6470,29172457
6471,500000000
6472,597533017
6473,318608107
6474,24919343
6479,427080606
6480,73501425
6481,119099803
6482,35638066
6484,8322178
6485,21500000
6486,49757821
6488,13326389
6489,0
6490,25042406
6492,1793000
6493,28978860
6494,48744624
6495,48849935
6496,3832800
6497,7424140
6498,87565611
6501,4535560985
6503,2113201551
6504,149296991
6505,9735000
6506,266690497
6507,29789122
6508,45527540
6513,6699986
6516,38916561
6517,21859660
6518,4678500
6521,11598113
6522,8046800
6523,126727354
6524,26000000
6525,238115614
6526,179978005
6527,920000
6532,155411410
6533,10034200
6535,58147188
6537,6925400
6538,20996400
6539,24998200
6540,10773902
6543,4178080
6544,178784000
6545,5427771
6546,5367800
6547,13878263
6548,19806800
6549,2853000
6551,8692622
6552,18348200
6554,9037600
6555,4597400
6557,6690762
6558,2795041
6560,4725185
6561,12664700
6562,18056400
6563,5417400
6564,27773500
6565,0
6566,15871400
6568,7779900
6570,6080130
6571,13514500
6572,63268990
6573,54385080
6574,509156000
6576,700000
6577,1524700
6578,7348900
6579,3803000
6580,5806000
6584,37112000
6586,280017520
6588,57629140
6590,69859500
6592,260649848
6594,1192568936
6596,3806000
6597,4375500
6599,1536000
6612,8526900
6613,41995075
6614,4426000
6615,28277620
6616,11554200
6617,16276305
6619,60625500
6620,40014943
6622,24903291
6625,117416118
6626,11371600
6627,9282500
6629,21063240
6630,58348880
6632,161564801
6633,9801549
6634,49588342
6635,6800600
6637,13030000
6638,32040000
6643,4711858
6644,46917180
6645,206244872
6647,1425000
6648,20960000
6651,40458000
6652,31374485
6653,13908595
6654,6299000
6656,4012800
6658,15116000
6659,78695300
6662,14791600
6663,6062400
6664,15000000
6666,8692652
6668,8586000
6670,101774700
6674,100446442
6675,18734886
6676,24000000
6677,11368400
6678,8760000
6694,4594824
6695,2264000
6696,4826991
6699,12232901
6701,1364249315
6702,1739778265
6703,87217602
6706,9900000
6707,20925360
6718,17640000
6721,56378400
6723,1870614885
6724,373573152
6727,135000000
6728,49355938
6730,11211989
6731,16116527
6736,24007728
6737,42330820
6740,4265632462
6741,68339704
6742,62844251
6743,18018000
6744,60832771
6745,79200000
6748,13238700
6750,92221420
6752,2454530697
6753,650414638
6754,135870594
6757,5500000
6758,5965316326
6762,1943859885
6763,9856107
6768,82771473
6769,12340100
6770,208103750
6771,7285746
6772,6825860
6775,13996942
6776,17014000
6777,11961100
6778,9562000
6779,23128605
6785,14404400
6786,25321760
6787,26803320
6788,8656780
6794,25000000
6797,12844000
6798,7200000
6800,23849878
6803,28931713
6804,58502584
6806,35693969
6807,70302608
6809,34736635
6810,40664000
6814,31894554
6817,33146617
6819,18572768
6820,14850000
6822,1470000
6823,12347700
6824,12561000
6832,12000000
6834,9333654
6835,105012176
6836,4785000
6837,14624000
6838,9182700
6840,9192560
6841,257201210
6844,10338884
6845,541372736
6848,19880620
6849,170961960
6850,18520232
6853,25961100
6855,14663510
6856,42233252
6857,732000000
6858,12200000
6859,23781394
6861,243207684
6862,7925714
6863,7350000
6864,7070000
6866,14024365
6867,4514301
6869,629480076
6870,5893000
6871,40025316
6874,8738400
6875,19046900
6877,20869380
6882,14950000
6888,10215400
6890,52712305
6894,1393459
6897,10906300
6898,816979
6899,3417006
6901,0
6902,2910979691
6904,21758000
6905,41186100
6907,9152400
6908,24460879
6912,8800000
6914,37735784
6915,9628929
6918,6367842
6919,7743000
6920,94286400
6923,126000000
6925,83500000
6926,22921562
6927,22806900
6928,6865360
6929,27231257
6932,14776321
6941,20529775
6942,4677720
6943,842520
6946,16764810
6947,22249804
6951,51532800
6952,234461814
6954,982272430
6955,34536302
6958,71298100
6960,37747300
6961,9732897
6962,32138881
6963,403760000
6964,9000000
6965,319257365
6966,197334325
6969,3837000
6971,1419100820
6976,130314810
6977,1240000
6981,1963001843
6982,2632960
6986,42426739
6988,678659700
6989,8450099
6993,739896570
6994,33061003
6995,89234171
6996,70000000
6997,27488713
6998,5155520
6999,37479724
7003,103098717
7004,170214843
7011,3373647810
7012,839609000
7013,1082759678
7014,69475551
7018,2253000
7021,2130000
7022,33977282
7030,17978250
7031,2523475
7033,16891270
7034,11207700
7035,11261970
7036,3913800
7037,4701300
7038,11829821
7039,3768600
7040,6820000
7041,5577250
7042,3468800
7043,2558900
7044,7367300
7046,2200000
7047,14195990
7048,36603380
7049,9138996
7050,9238000
7057,3223000
7058,1506500
7059,40000000
7060,10330709
7061,8484100
7062,2608600
7063,33720200
7064,2717485
7065,7660000
7066,10185600
7067,1602215
7068,23941658
7069,4086420
7071,98112000
7072,3163250
7073,937300
7074,8486200
7075,7485880
7077,2136900
7078,10053189
7079,2405000
7080,7487040
7081,11222600
7082,9970826
7083,2135870
7084,3259500
7085,93857493
7087,6480700
7088,0
7089,6613200
7090,1611800
7091,4484742
7093,2164170
7094,9940800
7095,14654272
7096,10246600
7097,4629100
7098,5000000
7102,14675012
7110,7370400
7111,7306432
7112,6139647
7114,4647640
7115,9911500
7119,11047588
7120,5502000
7122,6908359
7126,3502744
7127,7351800
7128,24298313
7129,2802300
7130,27766452
7131,1391575
7132,487080
7133,7279000
7134,7926900
7135,37341680
7136,0
7137,2066000
7138,16201892
7139,439386
7140,1889200
7148,83803600
7150,8416000
7157,80340768
7161,26840263
7162,13160300
7164,137743580
7167,947055218
7170,3867021
7172,61022353
7173,36148647
7175,5320000
7176,27120000
7177,122091903
7180,463375978
7181,1115468100
7182,3575878720
7183,17976600
7184,63000000
7185,6883500
7186,1144616065
7187,18032000
7189,146391055
7191,22373222
7192,14704000
7196,11522500
7198,44712170
7199,40710663
7201,3713998612
7202,688751769
7203,15794987460
7208,5129577
7211,1460476846
7212,18712244
7213,15891500
7214,5328444
7215,9378600
7217,9811308
7218,9763600
7219,1600000
7220,65581861
7222,135452804
7224,70000000
7226,40150000
7228,3616000
7229,14820000
7231,24077510
7235,10400000
7236,5900000
7238,273755222
7239,35242846
7240,160903090
7241,89580827
7242,50468662
7244,96431141
7245,47520253
7246,98066400
7247,34049423
7254,23396787
7255,4000000
7256,39511728
7259,726023902
7261,631803979
7264,6546200
7265,1240000
7266,22775352
7267,4533000000
7269,1964586400
7270,717335273
7271,12938639
7272,1018125101
7273,29385000
7276,307833172
7277,32694135
7278,48593736
7279,38216759
7280,46154016
7282,117614147
7283,63406879
7284,3502859
7287,58471299
7291,19410000
7292,12100000
7294,25055636
7296,52056530
7297,7928885
7299,10279750
7305,10400000
7309,86530000
7313,124000000
7314,3230300
7317,21505200
7318,19062316
7320,11997254
7322,104670340
7325,8708000
7326,24820530
7327,275657868
7337,305327921
7343,5946816
7345,3542000
7347,21549900
7350,23016564
7351,9246820
7352,44476880
7353,6876500
7354,47644836
7355,570275
7356,14981674
7357,2797100
7358,10177300
7359,10074422
7360,2863500
7361,3573100
7362,1533100
7363,941700
7364,1761700
7366,35717312
7367,23138000
7368,4720245
7369,4704300
7370,7298200
7371,12342100
7372,5670000
7373,15313240
7374,6714777
7375,3348821
7376,4259220
7377,8420000
7378,7422568
7380,189620670
7381,229085820
7383,99502999
7384,28658957
7388,23270500
7389,245623355
7399,7708000
7409,12390486
7412,193559297
7413,705500
7414,25123913
7416,16485078
7417,13230140
7419,307737696
7421,49414578
7422,5120700
7425,3480660
7426,1187368
7427,6114546
7433,21137213
7434,4284500
7435,8800500
7438,26344400
7442,20214480
7443,6290000
7444,5441568
7446,960000
7447,30736000
7453,561560000
7456,26908581
7458,103968400
7459,215975042
7460,9140000
7461,15180000
7462,4111000
7463,43312692
7464,2000000
7466,20907600
7472,4700000
7475,9255926
7476,75012540
7477,1470000
7480,13282000
7481,9255000
7482,23647826
7483,37375636
7486,12300000
7487,8435225
7490,7600000
7494,35322490
7500,3432475
7501,3339995
7502,2439433
7504,20990920
7505,13921960
7506,4703063
7508,44071454
7509,1645360
7510,16028000
7512,139420284
7513,77912716
7514,12320787
7515,934999
7516,34682113
7520,11648917
7521,7950000
7522,42684880
7523,9152316
7524,10550400
7525,8640000
7527,105834140
7531,3945100
7532,3177296700
7537,28051200
7538,13774819
7539,23295640
7544,7707095
7545,69588856
7550,160733225
7551,16118166
7552,48100000
7554,20832441
7555,5500000
7561,19050064
7562,4622868
7564,81846816
7565,1636200
7567,5090000
7570,21293052
7571,35830058
7575,71300000
7578,18461405
7581,52272342
7585,4351308
7590,17590114
7593,122581034
7595,80000000
7596,14620000
7599,106888000
7600,26475880
7601,13938133
7602,24106009
7603,75847638
7604,9029200
7606,30213676
7607,13815319
7608,16980206
7609,21266698
7610,68664338
7611,38147116
7613,50400000
7614,7335634
7615,21614700
7616,106453541
7619,8832000
7621,5616940
7624,54789510
7625,10421300
7628,25781920
7630,159630000
7634,3420000
7636,14509800
7637,11343300
7638,17386204
7640,16214400
7643,11438640
7646,7482720
7649,189992514
7670,10500000
7673,5332780
7674,2447320
7677,2880000
7678,5385020
7679,19740219
7680,51600
7681,5922000
7682,2170210
7683,19083280
7685,61892080
7686,29195600
7687,6641600
7689,2963000
7690,600000
7691,31078600
7692,110131200
7693,4800000
7694,5953358
7695,7469100
7698,3931700
7701,296070227
7702,24733466
7707,27666900
7709,13830000
7711,5870000
7713,7552628
7715,18892484
7716,92218200
7717,10057600
7719,7171791
7721,17076439
7722,14200000
7723,15420000
7725,11510200
7726,5743286
7727,21000000
7729,42284981
7730,107003277
7731,333585686
7733,1114485700
7734,47322000
7735,190759972
7740,170800000
7741,334838020
7743,30265922
7744,108818916
7745,27845208
7746,29121543
7747,265332300
7749,15880000
7751,1333763464
7752,569733178
7760,16957016
7762,246000000
7769,8385093
7771,24180047
7774,40610200
7775,31840000
7776,39160419
7777,127971881
7779,137445809
7780,76771488
7781,8156400
7782,6862200
7791,4152820
7792,9096900
7793,2572235
7794,15474600
7795,49235000
7800,3235000
7803,137481100
7804,2335300
7805,5460400
7806,40202888
7807,5032630
7808,1850100
7809,8550900
7810,18345000
7811,8920791
7812,3248900
7813,3726000
7814,51000000
7815,3660369
7818,57550800
7819,13410000
7820,25060000
7821,68080612
7822,46783800
7823,34393200
7826,25389636
7827,1783006
7831,15522250
7832,645000000
7833,10242000
7836,35129566
7837,4536400
7839,52318616
7840,34747500
7841,9441800
7844,62216400
7846,37405200
7847,6945600
7849,3840000
7850,3060110
7851,5160000
7856,14897600
7857,4508000
7859,20806316
7860,45919300
7863,4015585
7864,60161956
7865,4437500
7867,93616650
7868,164352545
7871,20688425
7872,11459223
7874,38165340
7875,17562000
7877,1460000
7878,1584000
7879,17339200
7883,17825050
7885,15721000
7886,1622179
7887,5047900
7888,30688569
7893,27716688
7896,4673250
7897,28373005
7898,9841969
7901,1143900
7902,5000000
7906,92870800
7908,54772564
7911,294706240
7912,439480692
7914,30000000
7915,48016100
7916,3103420
7917,77071040
7918,45628213
7919,21460000
7921,13153293
7922,7878800
7925,0
7927,7739548
7928,3896000
7931,25607086
7932,2889000
7936,734482236
7937,15630000
7938,3250000
7939,4022774
7940,11120538
7942,26207073
7943,34487164
7944,26580659
7946,4250500
7947,84568424
7949,19721980
7951,463000000
7952,9011560
7953,12744054
7955,36442374
7956,121653486
7957,1789487
7962,31459692
7963,5104003
7965,72600000
7966,72488740
7970,82623376
7971,60129249
7972,53382850
7974,1287260000
7975,3815700
7976,60042592
7979,35788178
7980,7200000
7981,63361494
7983,3005441
7984,440969852
7985,962948
7986,1776000
7987,28794294
7988,100232614
7989,20763600
7990,22800000
7991,10508670
7992,29659554
7994,100621021
7995,18688733
7997,1857113
7999,5054818
8001,7924447520
8002,1660758361
8005,34629200
8006,19590892
8007,34377984
8008,24331356
8011,10197034
8012,439633140
8013,8217281
8014,25303478
8015,1062169548
8016,141921669
8018,46000000
8020,169000404
8022,79734729
8023,13868408
8025,4069747
8029,7818713
8030,4315300
8031,2864666576
8032,120215510
8035,468032733
8037,32991969
8039,2253520
8040,3860000
8041,5562292
8043,58567656
8045,7261706
8046,20000000
8050,82808522
8051,95305435
8052,19493907
8053,1195115184
8056,98959624
8057,52096855
8058,3710528742
8059,32759200
8060,222159944
8061,36961950
8065,21799050
8066,91000000
8070,28678486
8074,22100000
8075,26581686
8076,11103500
8077,26007448
8078,211663200
8079,17100000
8081,22500000
8084,21612037
8085,5325600
8086,171459479
8088,234246596
8089,12247639
8091,9008800
8093,12152736
8095,41182421
8097,63000000
8098,53714127
8101,12629942
8103,40332400
8104,16694496
8105,67850648
8107,275393910
8111,142344516
8113,1862502957
8115,4774719
8117,60060000
8118,24771561
8119,10211784
8123,1861000
8125,52021297
8127,21302936
8129,73025942
8130,59200000
8131,57061223
8132,11046591
8133,116881106
8135,20102000
8136,1277041515
8137,16044000
8138,1145500
8139,16773376
8141,31010566
8142,33036498
8143,2567064
8144,6665021
8147,6158000
8150,16281373
8151,26085000
8152,1958734
8153,32009910
8154,52486836
8157,18977894
8158,22968000
8159,25025242
8160,28543889
8163,41470184
8165,52056993
8166,41770822
8167,46646059
8173,28000000
8174,107951798
8179,99723724
8181,2572871
8185,34359396
8194,90501600
8198,31973848
8200,26067972
8202,93335103
8203,39611134
8207,40460727
8214,86649504
8217,41937297
8218,53809168
8219,151182048
8225,727500
8226,15514721
8227,221479794
8230,18646376
8233,305208916
8237,53289640
8242,125201396
8244,40437940
8247,6003400
8252,183660417
8253,161102570
8254,6406314
8255,93552156
8260,11480495
8267,2783529021
8273,214995600
8275,27732622
8276,51546470
8278,86856954
8281,47911023
8282,168000000
8283,62000000
8285,61772500
8289,23354223
8291,59578916
8303,895500000
8304,139789418
8306,11867710920
8308,2307136666
8309,698812980
8316,3827498140
8331,775521087
8334,395888177
8336,100216368
8337,62222045
8338,82553721
8341,229967238
8343,18093643
8344,32216115
8345,73991144
8346,252500000
8349,9509963
8354,191138265
8358,172139248
8359,493767424
8360,32783000
8361,41281897
8362,24144669
8364,11641318
8365,5444400
8366,240450405
8367,165128280
8368,254119000
8370,67300000
8377,121120114
8381,156977472
8383,9619938
8386,114520000
8387,42400000
8388,40000000
8392,78468170
8393,85667000
8395,16935909
8399,43108470
8410,1179308000
8411,2442831994
8416,10244800
8418,234767616
8424,90863430
8425,282666300
8439,492113280
8473,661152414
8508,133515915
8511,83000000
8518,27564392
8522,49366461
8524,378060179
8537,9671400
8541,39426777
8542,11679030
8544,126427858
8550,109608000
8551,8443776
8558,35775873
8562,34900000
8563,12701462
8566,31243223
8570,216010128
8572,1566614098
8584,45059992
8585,171888020
8591,1124106624
8593,1466912244
8595,54250000
8596,25952374
8600,193533011
8601,1569378772
8604,3088562601
8609,231217073
8613,67398262
8614,73877569
8616,260582115
8617,9486400
8622,65689033
8624,37931386
8628,259264702
8630,934228767
8697,1031785336
8698,251647100
8699,40953500
8700,4042970
8704,29538647
8705,55025703
8706,32779000
8707,25012800
8708,39525649
8713,18142122
8714,281008632
8715,74939160
8725,1492551732
8729,6770358214
8737,34029544
8739,41507780
8742,12554379
8746,18192682
8747,8897472
8750,3621895219
8766,1934000000
8769,16280200
8771,45335467
8772,32980500
8783,40152219
8789,201321700
8793,21549427
8795,488000000
8798,37468200
8801,2718535953
8802,1217233706
8803,71019992
8804,207978574
8818,48811498
8830,936000000
8835,7783448
8836,96013277
8841,93849352
8844,33911219
8848,334415678
8850,53998205
8860,36849912
8864,52006350
8869,23447684
8871,35784000
8876,153016200
8877,15465600
8881,46951260
8887,42068762
8891,2906048
8892,98580887
8894,156678757
8897,137940000
8898,11325000
8904,14884300
8908,18000000
8912,17145800
8914,51763600
8917,16901900
8918,1545140000
8919,78650640
8920,38315000
8921,1000000
8923,97367600
8927,31642700
8928,11535600
8929,25129059
8931,11100000
8934,57407314
8935,34646500
8938,10408500
8944,23346115
8945,10888000
8946,23808200
8995,2012000
8996,4110000
8999,30823200
9001,197266821
9003,98145499
9005,624869876
9006,275760547
9007,368497717
9008,586018150
9009,517233555
9010,54884738
9012,1500000
9017,3864000
9020,1134412200
9021,455561300
9022,1001177100
9023,425828400
9024,305775520
9025,56952442
9028,17560242
9029,13264000
9031,79360186
9033,30445500
9034,10000000
9036,5749000
9037,76048000
9039,42324000
9041,190662061
9042,251498234
9044,108465746
9045,106816403
9046,8061566
9048,196700692
9049,2000000
9051,5651000
9052,22330598
9057,7546000
9059,23308720
9060,1383310
9063,2200000
9064,360496492
9065,52901749
9067,28965449
9068,20618244
9069,175692457
9072,127117796
9073,2794662
9074,3322935
9075,39194163
9076,187679783
9081,12600000
9082,5250000
9083,12344000
9087,2109026
9090,137984520
9101,405321700
9104,363022527
9107,639172067
9110,23970679
9115,36000000
9119,108900000
9127,1932000
9130,7650000
9142,154649000
9143,640394400
9145,24100000
9146,1295000
9147,243000000
9149,20000000
9156,200000
9158,29990400
9159,2754400
9160,38204793
9162,25731800
9163,8753889
9165,2350000
9166,187960182
9168,24980340
9169,2640000
9171,12739696
9173,2200000
9193,10010000
9201,437143500
9202,484293561
9204,60329400
9206,3784076
9211,12459400
9212,11359300
9213,1320800
9214,1414000
9215,1892000
9216,14368800
9218,10507300
9219,5596775
9220,2436700
9221,11779600
9222,1571000
9223,12438400
9225,2181200
9226,1070000
9227,15904500
9229,35220000
9233,18614000
9235,8103791
9236,1519300
9237,4065980
9238,2350680
9239,3000000
9240,4863200
9241,867998
9242,1232300
9243,807600
9244,1571000
9245,5440400
9246,5487450
9247,52610712
9248,9416000
9249,8713200
9250,1526530
9251,15247114
9252,2810201
9253,2771875
9254,1806775
9256,3581200
9258,6662300
9259,5610500
9262,10928400
9264,4700826
9265,2553000
9267,31031568
9268,77027180
9270,13932310
9271,6835024
9272,10160400
9273,42119980
9274,67244284
9278,20547413
9279,20048101
9301,362135395
9302,77991106
9303,76614215
9304,60870988
9305,22688362
9306,7864990
9307,16419110
9308,26072960
9310,66405517
9311,1418000
9312,6536445
9313,7300000
9319,19064897
9322,8258322
9324,30360000
9325,10822800
9326,10308150
9327,15843000
9330,1433500
9331,1960460
9332,34024720
9334,899000
9335,2000000
9336,99892900
9337,3303520
9338,10045103
9339,2387652
9340,9814200
9341,17838100
9342,2405200
9343,18465530
9344,5061030
9345,3249604
9346,3677657
9347,41180306
9348,146303943
9351,7740000
9353,1540000
9355,2700000
9360,3000000
9361,2615400
9362,1224000
9363,6228039
9364,106576837
9365,1470000
9366,6006373
9367,9389000
9368,47087600
9369,25355800
9376,3690000
9380,28923000
9381,23913600
9385,7850000
9401,161091065
9404,261220180
9405,41833000
9408,6000000
9409,108529000
9412,297681264
9413,27579500
9414,17834232
9416,50938600
9417,10679800
9418,180375333
9419,10938574
9421,5350400
9423,24277800
9424,166838739
9425,7106900
9428,9597400
9432,61366876400
9433,4007450967
9434,47999665700
9435,43989642
9436,92303304
9438,60435200
9439,11642100
9441,12240712
9444,6536800
9445,16757700
9446,10956500
9449,107349121
9450,20593600
9466,13520000
9467,29062200
9468,148990296
9470,44633232
9474,57301365
9475,18178173
9476,4398464
9478,16284226
9501,1607017531
9502,758000000
9503,1114927528
9504,387154692
9505,210333694
9506,502882585
9507,207528202
9508,474183951
9509,215291912
9511,56927965
9513,176337900
9514,21635144
9517,78161608
9519,91252300
9531,334959259
9532,397881800
9533,366267140
9534,88689030
9535,68737429
9536,37187567
9537,4800000
9539,32805000
9543,76192950
9551,44258500
9552,54101335
9553,27831354
9554,6360300
9556,9414540
9557,8284200
9558,4014000
9560,12754237
9561,8436540
9562,4244400
9563,7430000
9564,22074000
9565,2775933
9601,13937857
9602,850000000
9603,79860936
9605,73844545
9610,11155580
9612,11393600
9616,91243720
9619,23762227
9621,28318172
9622,26600319
9625,5703500
9627,35428212
9628,24200000
9629,22000000
9632,13310000
9633,8013000
9635,1050000
9636,2821000
9639,23356800
9640,16200000
9644,34000000
9647,586100
9651,10645020
9656,10346683
9658,34845600
9661,12170000
9663,16357214
9672,28084854
9678,38742241
9679,4212000
9682,163954928
9684,367594788
9685,5115492
9686,11432460
9687,7636368
9691,3510000
9692,35168200
9697,533011246
9698,8585688
9699,28391464
9701,3463943
9702,11478497
9704,281708934
9706,93145400
9708,118800000
9709,18000000
9713,15303369
9715,43863116
9716,119896588
9720,1181448
9722,61037120
9723,12065400
9726,27331013
9729,33092146
9731,3900000
9733,30445227
9735,466599796
9739,14900000
9740,14816692
9742,20900000
9743,48424071
9744,78000000
9746,50241466
9753,10800000
9755,24322000
9757,100000000
9759,86000000
9760,20031000
9761,3494322
9763,10288320
9765,16500000
9766,143500000
9767,1862254
9768,7499025
9769,10968356
9778,693576
9780,9624490
9782,7262020
9788,46613500
9790,20700000
9791,7718722
9793,48000000
9795,16670000
9799,16529700
9812,8926896
9816,9712089
9818,8046500
9820,1079600
9823,53983965
9824,18000000
9827,12662100
9828,17765816
9830,66008744
9831,966863199
9832,82050105
9835,8331164
9837,26800000
9842,64733372
9843,572217480
9845,26801452
9846,11550000
9849,735344
9850,22910275
9853,6252004
9854,21076154
9856,44126024
9857,6470000
9861,65129558
9867,865301
9869,35000000
9872,10011841
9876,27711028
9878,3210228
9880,13700000
9882,86021392
9885,16086250
9887,20595468
9888,11280000
9889,71094972
9890,10540200
9895,1864011
9896,31040016
9900,30301784
9902,30000800
9903,8050000
9904,27230825
9906,10010000
9908,11818507
9913,9127338
9914,2340000
9927,9094832
9928,32306286
9929,10116917
9930,23818257
9932,22798474
9934,113659600
9936,64858690
9941,1934019
9946,29372774
9948,57649868
9950,3068111
9955,12290862
9956,53987499
9959,13495248
9960,41964000
9962,285235397
9969,17691669
9972,15153000
9973,296121340
9974,20867800
9976,5586150
9978,43849840
9979,21198962
9980,101295071
9982,8800000
9983,318220968
9984,5711848120
9986,6266000
9987,72167204
9989,119331184
9990,29859900
9991,33795746
9993,10960825
9994,10847870
9996,9152640
9997,97244472
